DateTime,Discharge_m3/s
2023-08-05 00:00:00,17.048000526239996
2023-08-05 00:10:00,16.956007194399998
2023-08-05 00:20:00,17.002003860320002
2023-08-05 00:30:00,16.91001052848
2023-08-05 00:40:00,16.49601860056
2023-08-05 00:50:00,16.68000526424
2023-08-05 01:00:00,16.542015266479993
2023-08-05 01:10:00,16.68000526424
2023-08-05 01:20:00,16.312010002239994
2023-08-05 01:30:00,16.128001403919995
2023-08-05 01:40:00,16.17402000448
2023-08-05 01:50:00,15.852021407939995
2023-08-05 02:00:00,16.128001403919995
2023-08-05 02:10:00,15.714009475539994
2023-08-05 02:20:00,15.668012809619999
2023-08-05 02:30:00,15.57601947778
2023-08-05 02:40:00,15.76000614146
2023-08-05 02:50:00,15.300017547619992
2023-08-05 03:00:00,15.346014213539997
2023-08-05 03:10:00,15.220001983599996
2023-08-05 03:20:00,15.1800048828
2023-08-05 03:30:00,15.260018157999998
2023-08-05 03:40:00,15.0200164796
2023-08-05 03:50:00,14.940003204399995
2023-08-05 04:00:00,14.860009002799995
2023-08-05 04:10:00,14.900006103599999
2023-08-05 04:20:00,14.660004425199993
2023-08-05 04:30:00,14.7400177
2023-08-05 04:40:00,14.780014801199995
2023-08-05 04:50:00,14.300011444000003
2023-08-05 05:00:00,14.459999847600002
2023-08-05 05:10:00,14.3800056456
2023-08-05 05:20:00,14.300011444000003
2023-08-05 05:30:00,14.300011444000003
2023-08-05 05:40:00,14.2200172424
2023-08-05 05:50:00,14.140003967199995
2023-08-05 06:00:00,14.260014343199998
2023-08-05 06:10:00,14.020012664800001
2023-08-05 06:20:00,14.140003967199995
2023-08-05 06:30:00,13.940018463200001
2023-08-05 06:40:00,14.060009765599997
2023-08-05 06:50:00,14.100006866400001
2023-08-05 07:00:00,14.140003967199995
2023-08-05 07:10:00,14.060009765599997
2023-08-05 07:20:00,14.100006866400001
2023-08-05 07:30:00,14.340008544799996
2023-08-05 07:40:00,14.3800056456
2023-08-05 07:50:00,14.2200172424
2023-08-05 08:00:00,14.3800056456
2023-08-05 08:10:00,14.500016021599993
2023-08-05 08:20:00,14.459999847600002
2023-08-05 08:30:00,14.500016021599993
2023-08-05 08:40:00,14.580010223199993
2023-08-05 08:50:00,14.860009002799995
2023-08-05 09:00:00,14.860009002799995
2023-08-05 09:10:00,14.700001525999998
2023-08-05 09:20:00,14.620007324399998
2023-08-05 09:30:00,14.940003204399995
2023-08-05 09:40:00,15.0200164796
2023-08-05 09:50:00,15.714009475539994
2023-08-05 10:00:00,15.530000877219997
2023-08-05 10:10:00,16.036008072079994
2023-08-05 10:20:00,16.220016670399993
2023-08-05 10:30:00,16.5880119324
2023-08-05 10:40:00,16.956007194399998
2023-08-05 10:50:00,16.81801719664
2023-08-05 11:00:00,17.048000526239996
2023-08-05 11:10:00,17.370021056959995
2023-08-05 11:20:00,17.830009651260003
2023-08-05 11:30:00,17.692019653499997
2023-08-05 11:40:00,18.19800491326
2023-08-05 11:50:00,18.152008247340003
2023-08-05 12:00:00,18.152008247340003
2023-08-05 12:10:00,18.474006843419996
2023-08-05 12:20:00,18.750008773580003
2023-08-05 12:30:00,18.70401210766
2023-08-05 12:40:00,18.70401210766
2023-08-05 12:50:00,19.072007370120005
2023-08-05 13:00:00,18.888020705980004
2023-08-05 13:10:00,19.11800403604
2023-08-05 13:20:00,19.11800403604
2023-08-05 13:30:00,19.210019302519996
2023-08-05 13:40:00,19.34800930028
2023-08-05 13:50:00,19.164000701960006
2023-08-05 14:00:00,19.440002632120002
2023-08-05 14:10:00,19.34800930028
2023-08-05 14:20:00,19.302012634359997
2023-08-05 14:30:00,19.394005966199998
2023-08-05 14:40:00,19.440002632120002
2023-08-05 14:50:00,19.210019302519996
2023-08-05 15:00:00,19.072007370120005
2023-08-05 15:10:00,18.888020705980004
2023-08-05 15:20:00,19.164000701960006
2023-08-05 15:30:00,18.842002105880002
2023-08-05 15:40:00,18.93401737236
2023-08-05 15:50:00,18.888020705980004
2023-08-05 16:00:00,18.612018775819998
2023-08-05 16:10:00,18.70401210766
2023-08-05 16:20:00,18.382013511579995
2023-08-05 16:30:00,18.244001579180004
2023-08-05 16:40:00,18.19800491326
2023-08-05 16:50:00,18.382013511579995
2023-08-05 17:00:00,18.52000350934
2023-08-05 17:10:00,20.21201705912
2023-08-05 17:20:00,25.048013686919997
2023-08-05 17:30:00,28.290001106060004
2023-08-05 17:40:00,29.450000000000003
2023-08-05 17:50:00,29.334008407680003
2023-08-05 18:00:00,28.870014381680008
2023-08-05 18:10:00,27.826007080060005
2023-08-05 18:20:00,26.49202079764
2023-08-05 18:30:00,26.086022567799997
2023-08-05 18:40:00,25.796015930279996
2023-08-05 18:50:00,32.8840148928
2023-08-05 19:00:00,52.8200031283
2023-08-05 19:10:00,61.713034629899994
2023-08-05 19:20:00,64.65003395083
2023-08-05 19:30:00,63.849007129789996
2023-08-05 19:40:00,63.315003395350004
2023-08-05 19:50:00,61.89102172846
2023-08-05 20:00:00,60.11802158322
2023-08-05 20:10:00,58.64201126106
2023-08-05 20:20:00,59.46203002922
2023-08-05 20:30:00,60.55603361174
2023-08-05 20:40:00,62.33603191362
2023-08-05 20:50:00,62.87003564805999
2023-08-05 21:00:00,63.13701629679
2023-08-05 21:10:00,63.849007129789996
2023-08-05 21:20:00,63.58202648195
2023-08-05 21:30:00,63.67102003122999
2023-08-05 21:40:00,61.00100135814001
2023-08-05 21:50:00,58.64201126106
2023-08-05 22:00:00,57.33002815224001
2023-08-05 22:10:00,55.772023773440004
2023-08-05 22:20:00,53.88600406638
2023-08-05 22:30:00,52.49202690092
2023-08-05 22:40:00,50.99902114881999
2023-08-05 22:50:00,49.69000587433
2023-08-05 23:00:00,49.22800264341001
2023-08-05 23:10:00,48.381027317290005
2023-08-05 23:20:00,47.30303201659999
2023-08-05 23:30:00,46.4560199738
2023-08-05 23:40:00,45.07001028027
2023-08-05 23:50:00,43.88002376569999
2023-08-06 00:00:00,43.110012817699996
2023-08-06 00:10:00,41.99002723699999
2023-08-06 00:20:00,41.080026436199994
2023-08-06 00:30:00,39.60999946589999
2023-08-06 00:40:00,39.7500226975
2023-08-06 00:50:00,39.0500066759
2023-08-06 01:00:00,38.770026969599996
2023-08-06 01:10:00,38.3500240324
2023-08-06 01:20:00,38.5600088123
2023-08-06 01:30:00,38.070010948
2023-08-06 01:40:00,38.000016021600004
2023-08-06 01:50:00,37.580013084399994
2023-08-06 02:00:00,38.28002910599999
2023-08-06 02:10:00,40.8000133511
2023-08-06 02:20:00,48.381027317290005
2023-08-06 02:30:00,57.98601970706
2023-08-06 02:40:00,66.07401561772
2023-08-06 02:50:00,73.98801326716001
2023-08-06 03:00:00,92.23803224551997
2023-08-06 03:10:00,114.96004867500002
2023-08-06 03:20:00,131.7500495911
2023-08-06 03:30:00,138.77003669770002
2023-08-06 03:40:00,138.6400461201
2023-08-06 03:50:00,134.8700094224
2023-08-06 04:00:00,129.4100332254
2023-08-06 04:10:00,122.65002727529999
2023-08-06 04:20:00,113.53004741660003
2023-08-06 04:30:00,107.95801963845003
2023-08-06 04:40:00,102.57601919150999
2023-08-06 04:50:00,99.53401651337998
2023-08-06 05:00:00,94.16404571574998
2023-08-06 05:10:00,88.81402530656997
2023-08-06 05:20:00,85.46902465814
2023-08-06 05:30:00,82.23701810829
2023-08-06 05:40:00,79.00501155844
2023-08-06 05:50:00,76.52600860569999
2023-08-06 06:00:00,73.04803657539999
2023-08-06 06:10:00,69.85199928278
2023-08-06 06:20:00,68.38801765404001
2023-08-06 06:30:00,65.80703496899001
2023-08-06 06:40:00,62.33603191362
2023-08-06 06:50:00,60.28901052513999
2023-08-06 07:00:00,57.82203159296
2023-08-06 07:10:00,56.428015327439994
2023-08-06 07:20:00,54.624028777899994
2023-08-06 07:30:00,53.7220159531
2023-08-06 07:40:00,52.00002346020001
2023-08-06 07:50:00,50.845032310739995
2023-08-06 08:00:00,49.459022617209996
2023-08-06 08:10:00,48.76599941249
2023-08-06 08:20:00,47.84202966656
2023-08-06 08:30:00,47.457020854679996
2023-08-06 08:40:00,46.4560199738
2023-08-06 08:50:00,45.84002790479998
2023-08-06 09:00:00,45.609007931
2023-08-06 09:10:00,44.45401821126998
2023-08-06 09:20:00,44.45401821126998
2023-08-06 09:30:00,43.46002082849999
2023-08-06 09:40:00,42.97002296419999
2023-08-06 09:50:00,42.62001495339999
2023-08-06 10:00:00,42.340001869
2023-08-06 10:10:00,41.36000614179999
2023-08-06 10:20:00,41.080026436199994
2023-08-06 10:30:00,40.24002056109999
2023-08-06 10:40:00,39.4000146867
2023-08-06 10:50:00,38.84002189669999
2023-08-06 11:00:00,39.0500066759
2023-08-06 11:10:00,38.42001895879999
2023-08-06 11:20:00,38.42001895879999
2023-08-06 11:30:00,37.17200927744
2023-08-06 11:40:00,36.66001586944
2023-08-06 11:50:00,36.34000854464
2023-08-06 12:00:00,36.08402709952
2023-08-06 12:10:00,35.38001708992
2023-08-06 12:20:00,34.9320190432
2023-08-06 12:30:00,34.292004394239996
2023-08-06 12:40:00,34.036022949119996
2023-08-06 12:50:00,33.97202758784
2023-08-06 13:00:00,33.07600097664001
2023-08-06 13:10:00,33.332012939520006
2023-08-06 13:20:00,32.37202148416001
2023-08-06 13:30:00,31.79600219712001
2023-08-06 13:40:00,31.66801147456001
2023-08-06 13:50:00,31.476025390720004
2023-08-06 14:00:00,31.34800415040001
2023-08-06 14:10:00,30.72601814298
2023-08-06 14:20:00,30.55200309778001
2023-08-06 14:30:00,30.55200309778001
2023-08-06 14:40:00,30.32001991256001
2023-08-06 14:50:00,30.088009071200002
2023-08-06 15:00:00,29.740006637520004
2023-08-06 15:10:00,29.624015045200004
2023-08-06 15:20:00,29.102025223040002
2023-08-06 15:30:00,28.92801017784
2023-08-06 15:40:00,29.102025223040002
2023-08-06 15:50:00,28.522011947419998
2023-08-06 16:00:00,28.348024558940004
2023-08-06 16:10:00,27.826007080060005
2023-08-06 16:20:00,28.058017921420003
2023-08-06 16:30:00,27.594023895420005
2023-08-06 16:40:00,27.536000442540004
2023-08-06 16:50:00,27.246021461739996
2023-08-06 17:00:00,27.304017257900004
2023-08-06 17:10:00,26.60801238996
2023-08-06 17:20:00,26.89801902748
2023-08-06 17:30:00,26.666008186120006
2023-08-06 17:40:00,25.85401172644
2023-08-06 17:50:00,26.72400398228
2023-08-06 18:00:00,26.086022567799997
2023-08-06 18:10:00,26.956014823639993
2023-08-06 18:20:00,26.781999779020005
2023-08-06 18:30:00,27.420008850220004
2023-08-06 18:40:00,28.058017921420003
2023-08-06 18:50:00,28.116013717579996
2023-08-06 19:00:00,28.464016151260005
2023-08-06 19:10:00,28.232005309899996
2023-08-06 19:20:00,28.464016151260005
2023-08-06 19:30:00,28.754022788780006
2023-08-06 19:40:00,29.740006637520004
2023-08-06 19:50:00,29.276012611519995
2023-08-06 20:00:00,28.986005974000008
2023-08-06 20:10:00,28.92801017784
2023-08-06 20:20:00,28.69602699262
2023-08-06 20:30:00,28.464016151260005
2023-08-06 20:40:00,28.000022125259996
2023-08-06 20:50:00,27.768011283899998
2023-08-06 21:00:00,27.826007080060005
2023-08-06 21:10:00,27.65201969158
2023-08-06 21:20:00,27.304017257900004
2023-08-06 21:30:00,27.710015487740005
2023-08-06 21:40:00,27.710015487740005
2023-08-06 21:50:00,27.420008850220004
2023-08-06 22:00:00,27.130002212700003
2023-08-06 22:10:00,27.188025665000005
2023-08-06 22:20:00,26.89801902748
2023-08-06 22:30:00,26.550016593800006
2023-08-06 22:40:00,26.3760015486
2023-08-06 22:50:00,26.086022567799997
2023-08-06 23:00:00,25.680024337959996
2023-08-06 23:10:00,26.086022567799997
2023-08-06 23:20:00,25.158006859079997
2023-08-06 23:30:00,25.390017700440005
2023-08-06 23:40:00,25.274026107540006
2023-08-06 23:50:00,25.332021904279998
2023-08-07 00:00:00,25.100011062340002
2023-08-07 00:10:00,24.944021224839997
2023-08-07 00:20:00,24.84000396708
2023-08-07 00:30:00,24.736011505
2023-08-07 00:40:00,24.63201904292
2023-08-07 00:50:00,24.63201904292
2023-08-07 01:00:00,24.215999603239997
2023-08-07 01:10:00,24.060010910120003
2023-08-07 01:20:00,24.11200714116
2023-08-07 01:30:00,23.800004959240002
2023-08-07 01:40:00,23.852001190279996
2023-08-07 01:50:00,23.488002777320006
2023-08-07 02:00:00,23.748008728199995
2023-08-07 02:10:00,24.215999603239997
2023-08-07 02:20:00,24.99601745588
2023-08-07 02:30:00,26.781999779020005
2023-08-07 02:40:00,28.232005309899996
2023-08-07 02:50:00,29.566019249039996
2023-08-07 03:00:00,30.784013939140006
2023-08-07 03:10:00,31.66801147456001
2023-08-07 03:20:00,32.11600952128
2023-08-07 03:30:00,32.11600952128
2023-08-07 03:40:00,32.50001220672001
2023-08-07 03:50:00,32.37202148416001
2023-08-07 04:00:00,32.11600952128
2023-08-07 04:10:00,32.180004882560006
2023-08-07 04:20:00,32.24400024384
2023-08-07 04:30:00,33.332012939520006
2023-08-07 04:40:00,33.460003662080005
2023-08-07 04:50:00,34.164013671679996
2023-08-07 05:00:00,34.86802368191999
2023-08-07 05:10:00,36.98002319359999
2023-08-07 05:20:00,38.770026969599996
2023-08-07 05:30:00,41.0100315091
2023-08-07 05:40:00,42.340001869
2023-08-07 05:50:00,43.390025902099985
2023-08-07 06:00:00,44.45401821126998
2023-08-07 06:10:00,44.76203260411
2023-08-07 06:20:00,45.609007931
2023-08-07 06:30:00,45.84002790479998
2023-08-07 06:40:00,46.14800558095998
2023-08-07 06:50:00,45.76303348575999
2023-08-07 07:00:00,45.45501909292
2023-08-07 07:10:00,45.45501909292
2023-08-07 07:20:00,45.45501909292
2023-08-07 07:30:00,45.45501909292
2023-08-07 07:40:00,44.916021442189994
2023-08-07 07:50:00,44.23003177649999
2023-08-07 08:00:00,43.67000560769999
2023-08-07 08:10:00,43.320030974999995
2023-08-07 08:20:00,43.18000774409999
2023-08-07 08:30:00,42.0600221634
2023-08-07 08:40:00,41.78000907899999
2023-08-07 08:50:00,40.8000133511
2023-08-07 09:00:00,39.8900125503
2023-08-07 09:10:00,39.4000146867
2023-08-07 09:20:00,38.5600088123
2023-08-07 09:30:00,38.28002910599999
2023-08-07 09:40:00,38.210000800799996
2023-08-07 09:50:00,37.510018158
2023-08-07 10:00:00,36.788006592
2023-08-07 10:10:00,36.53202514624
2023-08-07 10:20:00,36.21201782208
2023-08-07 10:30:00,35.38001708992
2023-08-07 10:40:00,35.50800781248
2023-08-07 10:50:00,35.06000976576
2023-08-07 11:00:00,34.164013671679996
2023-08-07 11:10:00,33.84400634752
2023-08-07 11:20:00,33.9080017088
2023-08-07 11:30:00,33.332012939520006
2023-08-07 11:40:00,32.94801025408001
2023-08-07 11:50:00,32.8840148928
2023-08-07 12:00:00,32.62800292992001
2023-08-07 12:10:00,32.62800292992001
2023-08-07 12:20:00,31.79600219712001
2023-08-07 12:30:00,31.924023437440006
2023-08-07 12:40:00,31.41199951168
2023-08-07 12:50:00,31.476025390720004
2023-08-07 13:00:00,30.900006103680006
2023-08-07 13:10:00,30.8420097353
2023-08-07 13:20:00,30.55200309778001
2023-08-07 13:30:00,30.668022346240004
2023-08-07 13:40:00,30.32001991256001
2023-08-07 13:50:00,30.32001991256001
2023-08-07 14:00:00,30.378015708720003
2023-08-07 14:10:00,29.566019249039996
2023-08-07 14:20:00,29.682010841359997
2023-08-07 14:30:00,29.508023452880003
2023-08-07 14:40:00,29.160021019199995
2023-08-07 14:50:00,29.276012611519995
2023-08-07 15:00:00,28.92801017784
2023-08-07 15:10:00,28.63800354032
2023-08-07 15:20:00,28.81201858494
2023-08-07 15:30:00,28.174009513740003
2023-08-07 15:40:00,28.174009513740003
2023-08-07 15:50:00,28.232005309899996
2023-08-07 16:00:00,27.65201969158
2023-08-07 16:10:00,27.942026329100003
2023-08-07 16:20:00,27.478004646379997
2023-08-07 16:30:00,27.304017257900004
2023-08-07 16:40:00,28.174009513740003
2023-08-07 16:50:00,28.290001106060004
2023-08-07 17:00:00,27.768011283899998
2023-08-07 17:10:00,28.116013717579996
2023-08-07 17:20:00,28.522011947419998
2023-08-07 17:30:00,28.232005309899996
2023-08-07 17:40:00,28.63800354032
2023-08-07 17:50:00,28.580007743580005
2023-08-07 18:00:00,28.986005974000008
2023-08-07 18:10:00,28.986005974000008
2023-08-07 18:20:00,29.450000000000003
2023-08-07 18:30:00,30.378015708720003
2023-08-07 18:40:00,31.54002075200001
2023-08-07 18:50:00,33.204022216960006
2023-08-07 19:00:00,34.9320190432
2023-08-07 19:10:00,36.08402709952
2023-08-07 19:20:00,36.852001953279995
2023-08-07 19:30:00,38.84002189669999
2023-08-07 19:40:00,41.22001628899999
2023-08-07 19:50:00,46.07101116191999
2023-08-07 20:00:00,51.46102437974001
2023-08-07 20:10:00,53.55802783982
2023-08-07 20:20:00,54.378007507099994
2023-08-07 20:30:00,54.54203472126001
2023-08-07 20:40:00,54.29601345046
2023-08-07 20:50:00,54.870010947820006
2023-08-07 21:00:00,55.36201438936
2023-08-07 21:10:00,56.59200344071999
2023-08-07 21:20:00,58.47802314777999
2023-08-07 21:30:00,61.09003734617999
2023-08-07 21:40:00,60.91200780886
2023-08-07 21:50:00,61.62404108062
2023-08-07 22:00:00,61.26802444473999
2023-08-07 22:10:00,60.64502716102001
2023-08-07 22:20:00,59.70801219913999
2023-08-07 22:30:00,59.05202064514
2023-08-07 22:40:00,58.068013763699994
2023-08-07 22:50:00,58.314035034499994
2023-08-07 23:00:00,57.0020128248
2023-08-07 23:10:00,57.0020128248
2023-08-07 23:20:00,56.51000938408001
2023-08-07 23:30:00,55.444008446000005
2023-08-07 23:40:00,55.52600250264
2023-08-07 23:50:00,56.3460212708
2023-08-08 00:00:00,56.59200344071999
2023-08-08 00:10:00,56.428015327439994
2023-08-08 00:20:00,54.870010947820006
2023-08-08 00:30:00,53.23001251238001
2023-08-08 00:40:00,52.8200031283
2023-08-08 00:50:00,53.14801845574
2023-08-08 01:00:00,53.80401000974001
2023-08-08 01:10:00,53.55802783982
2023-08-08 01:20:00,52.90203628500001
2023-08-08 01:30:00,52.8200031283
2023-08-08 01:40:00,51.30703554166001
2023-08-08 01:50:00,49.382028198170005
2023-08-08 02:00:00,48.30403289824999
2023-08-08 02:10:00,46.99501762376
2023-08-08 02:20:00,45.84002790479998
2023-08-08 02:30:00,45.07001028027
2023-08-08 02:40:00,44.83902702314999
2023-08-08 02:50:00,45.22403583502999
2023-08-08 03:00:00,46.07101116191999
2023-08-08 03:10:00,46.4560199738
2023-08-08 03:20:00,47.688004112570006
2023-08-08 03:30:00,49.99802026717
2023-08-08 03:40:00,53.64002189646001
2023-08-08 03:50:00,56.18203315752
2023-08-08 04:00:00,58.39602909114001
2023-08-08 04:10:00,59.6260181425
2023-08-08 04:20:00,60.7340207103
2023-08-08 04:30:00,61.17903089546
2023-08-08 04:40:00,61.26802444473999
2023-08-08 04:50:00,60.46704006157001
2023-08-08 05:00:00,61.00100135814001
2023-08-08 05:10:00,59.05202064514
2023-08-08 05:20:00,59.70801219913999
2023-08-08 05:30:00,59.46203002922
2023-08-08 05:40:00,59.544024085859995
2023-08-08 05:50:00,60.823014259580006
2023-08-08 06:00:00,66.25200271628
2023-08-08 06:10:00,103.16103258099
2023-08-08 06:20:00,156.6800251006
2023-08-08 06:30:00,207.0
2023-08-08 06:40:00,250.37002658800003
2023-08-08 06:50:00,287.3500289921
2023-08-08 07:00:00,320.400064468
2023-08-08 07:10:00,348.9600548751
2023-08-08 07:20:00,378.080060005
2023-08-08 07:30:00,406.9000167838
2023-08-08 07:40:00,427.96998596079993
2023-08-08 07:50:00,441.08002281139994
2023-08-08 08:00:00,471.04002380320003
2023-08-08 08:10:00,490.5001068124999
2023-08-08 08:20:00,545.7200565344001
2023-08-08 08:30:00,574.1001338956999
2023-08-08 08:40:00,594.620062829
2023-08-08 08:50:00,613.5201091772
2023-08-08 09:00:00,637.6400833139999
2023-08-08 09:10:00,647.7201538096
2023-08-08 09:20:00,657.8601150517
2023-08-08 09:30:00,642.9600982659999
2023-08-08 09:40:00,641.0001068116001
2023-08-08 09:50:00,641.2800865172
2023-08-08 10:00:00,638.480155946
2023-08-08 10:10:00,620.0001602159998
2023-08-08 10:20:00,602.7201194749999
2023-08-08 10:30:00,589.4900484082999
2023-08-08 10:40:00,571.1300916677
2023-08-08 10:50:00,554.5600357058001
2023-08-08 11:10:00,481.1199798591999
2023-08-08 11:20:00,463.12002563440006
2023-08-08 11:30:00,430.7300052647
2023-08-08 11:40:00,427.7401123044001
2023-08-08 11:50:00,414.82007217320006
2023-08-08 12:00:00,397.66005706800007
2023-08-08 12:10:00,375.660025597
2023-08-08 12:20:00,352.3200616833001
2023-08-08 12:30:00,329.000061036
2023-08-08 12:40:00,313.80006599399997
2023-08-08 12:50:00,293.050068856
2023-08-08 13:00:00,278.6100282663
2023-08-08 13:10:00,265.820081711
2023-08-08 13:20:00,253.43004798930005
2023-08-08 13:30:00,242.0400629051
2023-08-08 13:40:00,230.6500778192
2023-08-08 13:50:00,221.5600128176
2023-08-08 14:00:00,214.04002380319997
2023-08-08 14:10:00,199.8000640864
2023-08-08 14:20:00,190.25006866400003
2023-08-08 14:30:00,186.05001545000002
2023-08-08 14:40:00,176.90003490500007
2023-08-08 14:50:00,171.10004806480003
2023-08-08 15:00:00,167.0400085456
2023-08-08 15:10:00,160.60000801079994
2023-08-08 15:20:00,155.84001922619998
2023-08-08 15:30:00,147.61001586909998
2023-08-08 15:40:00,143.320016861
2023-08-08 15:50:00,137.4700069433
2023-08-08 16:00:00,132.0100307463
2023-08-08 16:10:00,130.3200292591
2023-08-08 16:20:00,123.82000446289999
2023-08-08 16:30:00,122.7800178529
2023-08-08 16:40:00,119.14000797279999
2023-08-08 16:50:00,116.2800054549
2023-08-08 17:00:00,112.98003482820002
2023-08-08 17:10:00,109.71300401661
2023-08-08 17:20:00,106.67100133848
2023-08-08 17:30:00,104.44805088095997
2023-08-08 17:40:00,101.40604820282996
2023-08-08 17:50:00,100.47000446354998
2023-08-08 18:00:00,97.58800163281998
2023-08-08 18:10:00,95.34101142867
2023-08-08 18:20:00,92.98702897988001
2023-08-08 18:30:00,89.88404979672998
2023-08-08 18:40:00,88.09502697002999
2023-08-08 18:50:00,87.18604469249999
2023-08-08 19:00:00,84.05503082318
2023-08-08 19:10:00,82.54004430768998
2023-08-08 19:20:00,80.92401695285001
2023-08-08 19:30:00,79.30803775783998
2023-08-08 19:40:00,77.748009682
2023-08-08 19:50:00,76.90202617618
2023-08-08 20:00:00,76.24402904506
2023-08-08 20:10:00,74.834041595
2023-08-08 20:20:00,72.76601219179999
2023-08-08 20:30:00,71.73204231222002
2023-08-08 20:40:00,70.22801685326002
2023-08-08 20:50:00,68.65504074063999
2023-08-08 21:00:00,68.29902410476001
2023-08-08 21:10:00,67.85401391959999
2023-08-08 21:20:00,67.05302953732
2023-08-08 21:30:00,66.78600645072
2023-08-08 21:40:00,65.18403768527
2023-08-08 21:50:00,65.00600814794998
2023-08-08 22:00:00,64.11603021639
2023-08-08 22:10:00,62.87003564805999
2023-08-08 22:20:00,61.713034629899994
2023-08-08 22:30:00,60.91200780886
2023-08-08 22:40:00,61.09003734617999
2023-08-08 22:50:00,60.46704006157001
2023-08-08 23:00:00,59.544024085859995
2023-08-08 23:10:00,59.05202064514
2023-08-08 23:20:00,58.39602909114001
2023-08-08 23:30:00,57.904025650419996
2023-08-08 23:40:00,57.57601032298
2023-08-08 23:50:00,56.18203315752
2023-08-09 00:00:00,55.116032218620006
2023-08-09 00:10:00,55.116032218620006
2023-08-09 00:20:00,54.54203472126001
2023-08-09 00:30:00,53.968037223900005
2023-08-09 00:40:00,53.968037223900005
2023-08-09 00:50:00,53.06602439910001
2023-08-09 01:00:00,52.082017516840004
2023-08-09 01:10:00,50.92202672978
2023-08-09 01:20:00,51.30703554166001
2023-08-09 01:30:00,50.5370179179
2023-08-09 01:40:00,50.152009106019996
2023-08-09 01:50:00,50.22900352506001
2023-08-09 02:00:00,49.459022617209996
2023-08-09 02:10:00,49.22800264341001
2023-08-09 02:20:00,48.76599941249
2023-08-09 02:30:00,48.76599941249
2023-08-09 02:40:00,47.53401527372
2023-08-09 02:50:00,47.457020854679996
2023-08-09 03:00:00,46.76403436663999
2023-08-09 03:10:00,46.61000881188
2023-08-09 03:20:00,46.61000881188
2023-08-09 03:30:00,46.76403436663999
2023-08-09 03:40:00,45.68600235003999
2023-08-09 03:50:00,45.07001028027
2023-08-09 04:00:00,44.53101263030999
2023-08-09 04:10:00,44.608007049349986
2023-08-09 04:20:00,44.68500146838999
2023-08-09 04:30:00,43.950018692099995
2023-08-09 04:40:00,43.60001068129999
2023-08-09 04:50:00,43.67000560769999
2023-08-09 05:00:00,43.250002670499995
2023-08-09 05:10:00,43.250002670499995
2023-08-09 05:20:00,42.8299997333
2023-08-09 05:30:00,43.040017890599984
2023-08-09 05:40:00,42.62001495339999
2023-08-09 05:50:00,42.4100301742
2023-08-09 06:00:00,41.78000907899999
2023-08-09 06:10:00,41.78000907899999
2023-08-09 06:20:00,41.64001922619999
2023-08-09 06:30:00,41.64001922619999
2023-08-09 06:40:00,41.4300010682
2023-08-09 06:50:00,41.0100315091
2023-08-09 07:00:00,41.1500213626
2023-08-09 07:10:00,40.73001842469999
2023-08-09 07:20:00,41.1500213626
2023-08-09 07:30:00,40.310015487499996
2023-08-09 07:40:00,40.73001842469999
2023-08-09 07:50:00,40.59002857189999
2023-08-09 08:00:00,40.6600234983
2023-08-09 08:10:00,40.10003070829999
2023-08-09 08:20:00,40.38001041389999
2023-08-09 08:30:00,40.38001041389999
2023-08-09 08:40:00,40.310015487499996
2023-08-09 08:50:00,40.24002056109999
2023-08-09 09:00:00,40.6600234983
2023-08-09 09:10:00,40.450005340299995
2023-08-09 09:20:00,40.450005340299995
2023-08-09 09:30:00,40.450005340299995
2023-08-09 09:40:00,40.8000133511
2023-08-09 09:50:00,40.450005340299995
2023-08-09 10:00:00,40.59002857189999
2023-08-09 10:10:00,40.59002857189999
2023-08-09 10:20:00,40.8000133511
2023-08-09 10:30:00,40.87000827819999
2023-08-09 10:40:00,40.52000026669999
2023-08-09 10:50:00,40.24002056109999
2023-08-09 11:00:00,40.59002857189999
2023-08-09 11:10:00,39.680027771099994
2023-08-09 11:20:00,40.6600234983
2023-08-09 11:30:00,40.87000827819999
2023-08-09 11:40:00,40.10003070829999
2023-08-09 11:50:00,40.170025634699996
2023-08-09 12:00:00,40.10003070829999
2023-08-09 12:10:00,39.96000747669999
2023-08-09 12:20:00,39.96000747669999
2023-08-09 12:30:00,39.8900125503
2023-08-09 12:40:00,39.60999946589999
2023-08-09 12:50:00,40.170025634699996
2023-08-09 13:00:00,39.5400045395
2023-08-09 13:10:00,39.680027771099994
2023-08-09 13:20:00,39.7500226975
2023-08-09 13:30:00,39.60999946589999
2023-08-09 13:40:00,40.310015487499996
2023-08-09 13:50:00,41.22001628899999
2023-08-09 14:00:00,43.67000560769999
2023-08-09 14:10:00,47.611009693529994
2023-08-09 14:20:00,56.75603065488001
2023-08-09 14:30:00,65.71804141971
2023-08-09 14:40:00,68.92202138937
2023-08-09 14:50:00,70.22801685326002
2023-08-09 15:00:00,70.13402366638
2023-08-09 15:10:00,70.98000717126
2023-08-09 15:20:00,71.26203155486
2023-08-09 15:30:00,69.57001972214
2023-08-09 15:40:00,67.05302953732
2023-08-09 15:50:00,64.38301086423
2023-08-09 16:00:00,61.17903089546
2023-08-09 16:10:00,59.21600875842
2023-08-09 16:20:00,57.740037536319996
2023-08-09 16:30:00,56.51000938408001
2023-08-09 16:40:00,55.116032218620006
2023-08-09 16:50:00,52.90203628500001
2023-08-09 17:00:00,52.49202690092
2023-08-09 17:10:00,51.3840299607
2023-08-09 17:20:00,50.306034660010006
2023-08-09 17:30:00,48.99701938629
2023-08-09 17:40:00,49.074013805330004
2023-08-09 17:50:00,48.76599941249
2023-08-09 18:00:00,47.53401527372
2023-08-09 18:10:00,47.688004112570006
2023-08-09 18:20:00,47.30303201659999
2023-08-09 18:30:00,46.84102878568
2023-08-09 18:40:00,46.99501762376
2023-08-09 18:50:00,47.457020854679996
2023-08-09 19:00:00,50.845032310739995
2023-08-09 19:10:00,54.378007507099994
2023-08-09 19:20:00,55.85401783007999
2023-08-09 19:30:00,56.264027214159995
2023-08-09 19:40:00,57.0020128248
2023-08-09 19:50:00,58.23200187697999
2023-08-09 20:00:00,60.11802158322
2023-08-09 20:10:00,62.158002376300004
2023-08-09 20:20:00,63.22600984606999
2023-08-09 20:30:00,64.47200441350999
2023-08-09 20:40:00,66.78600645072
2023-08-09 20:50:00,70.32201004014
2023-08-09 21:00:00,71.73204231222002
2023-08-09 21:10:00,71.07400035814
2023-08-09 21:20:00,69.28804016149999
2023-08-09 21:30:00,68.21003055548002
2023-08-09 21:40:00,66.60801935215999
2023-08-09 21:50:00,66.16300916700001
2023-08-09 22:00:00,63.93800067907
2023-08-09 22:10:00,63.13701629679
2023-08-09 22:20:00,62.158002376300004
2023-08-09 22:30:00,61.35701799402
2023-08-09 22:40:00,60.91200780886
2023-08-09 22:50:00,60.378004074420005
2023-08-09 23:00:00,58.80599937434
2023-08-09 23:10:00,58.23200187697999
2023-08-09 23:20:00,57.33002815224001
2023-08-09 23:30:00,56.264027214159995
2023-08-09 23:40:00,55.444008446000005
2023-08-09 23:50:00,54.214019393819996
2023-08-10 00:00:00,53.80401000974001
2023-08-10 00:10:00,52.738009071659995
2023-08-10 00:20:00,51.84603319162001
2023-08-10 00:30:00,50.69100675598
2023-08-10 00:40:00,49.151008224369996
2023-08-10 00:50:00,49.151008224369996
2023-08-10 01:00:00,48.92002496725001
2023-08-10 01:10:00,47.226000880879994
2023-08-10 01:20:00,46.37902555475999
2023-08-10 01:30:00,45.994016742879985
2023-08-10 01:40:00,45.76303348575999
2023-08-10 01:50:00,44.83902702314999
2023-08-10 02:00:00,44.23003177649999
2023-08-10 02:10:00,43.110012817699996
2023-08-10 02:20:00,42.62001495339999
2023-08-10 02:30:00,41.99002723699999
2023-08-10 02:40:00,42.27000694259999
2023-08-10 02:50:00,41.22001628899999
2023-08-10 03:00:00,40.6600234983
2023-08-10 03:10:00,40.24002056109999
2023-08-10 03:20:00,40.10003070829999
2023-08-10 03:30:00,39.7500226975
2023-08-10 03:40:00,39.5400045395
2023-08-10 03:50:00,39.0500066759
2023-08-10 04:00:00,38.84002189669999
2023-08-10 04:10:00,38.28002910599999
2023-08-10 04:20:00,37.6500080108
2023-08-10 04:30:00,37.860026168800005
2023-08-10 04:40:00,37.7900312424
2023-08-10 04:50:00,37.7900312424
2023-08-10 05:00:00,37.10801391615999
2023-08-10 05:10:00,36.98002319359999
2023-08-10 05:20:00,36.852001953279995
2023-08-10 05:30:00,36.788006592
2023-08-10 05:40:00,36.724011230719995
2023-08-10 05:50:00,36.468029784959995
2023-08-10 06:00:00,35.89201049792
2023-08-10 06:10:00,36.02000122048
2023-08-10 06:20:00,35.50800781248
2023-08-10 06:30:00,35.82801513663999
2023-08-10 06:40:00,35.82801513663999
2023-08-10 06:50:00,35.572003173759995
2023-08-10 07:00:00,35.444012451199995
2023-08-10 07:10:00,34.86802368191999
2023-08-10 07:20:00,34.9320190432
2023-08-10 07:30:00,35.38001708992
2023-08-10 07:40:00,35.25202636736
2023-08-10 07:50:00,35.38001708992
2023-08-10 08:00:00,34.7400024416
2023-08-10 08:10:00,34.99601440447999
2023-08-10 08:20:00,35.06000976576
2023-08-10 08:30:00,34.67600708031999
2023-08-10 08:40:00,34.54801635711999
2023-08-10 08:50:00,34.80402832
2023-08-10 09:00:00,35.18800048832
2023-08-10 09:10:00,35.444012451199995
2023-08-10 09:20:00,35.12400512703999
2023-08-10 09:30:00,35.18800048832
2023-08-10 09:40:00,35.38001708992
2023-08-10 09:50:00,35.38001708992
2023-08-10 10:00:00,35.76401977536
2023-08-10 10:10:00,35.6360290528
2023-08-10 10:20:00,35.70002441407999
2023-08-10 10:30:00,35.38001708992
2023-08-10 10:40:00,35.6360290528
2023-08-10 10:50:00,35.25202636736
2023-08-10 11:00:00,35.76401977536
2023-08-10 11:10:00,35.444012451199995
2023-08-10 11:20:00,35.25202636736
2023-08-10 11:30:00,35.6360290528
2023-08-10 11:40:00,35.70002441407999
2023-08-10 11:50:00,35.572003173759995
2023-08-10 12:00:00,35.444012451199995
2023-08-10 12:10:00,35.76401977536
2023-08-10 12:20:00,35.444012451199995
2023-08-10 12:30:00,35.50800781248
2023-08-10 12:40:00,35.25202636736
2023-08-10 12:50:00,34.67600708031999
2023-08-10 13:00:00,34.9320190432
2023-08-10 13:10:00,34.67600708031999
2023-08-10 13:20:00,34.61201171904
2023-08-10 13:30:00,34.67600708031999
2023-08-10 13:40:00,34.292004394239996
2023-08-10 13:50:00,34.22800903296
2023-08-10 14:00:00,34.164013671679996
2023-08-10 14:10:00,33.97202758784
2023-08-10 14:20:00,34.036022949119996
2023-08-10 14:30:00,33.78001098624001
2023-08-10 14:40:00,33.204022216960006
2023-08-10 14:50:00,33.71601562496
2023-08-10 15:00:00,33.01200561536
2023-08-10 15:10:00,33.14002685568
2023-08-10 15:20:00,33.204022216960006
2023-08-10 15:30:00,33.460003662080005
2023-08-10 15:40:00,32.94801025408001
2023-08-10 15:50:00,32.56400756864
2023-08-10 16:00:00,32.43601684544
2023-08-10 16:10:00,32.180004882560006
2023-08-10 16:20:00,32.180004882560006
2023-08-10 16:30:00,32.180004882560006
2023-08-10 16:40:00,31.732006835840004
2023-08-10 16:50:00,31.66801147456001
2023-08-10 17:00:00,31.41199951168
2023-08-10 17:10:00,31.66801147456001
2023-08-10 17:20:00,31.34800415040001
2023-08-10 17:30:00,30.96400146496
2023-08-10 17:40:00,30.900006103680006
2023-08-10 17:50:00,30.668022346240004
2023-08-10 18:00:00,30.378015708720003
2023-08-10 18:10:00,30.61002655008
2023-08-10 18:20:00,30.262024116400003
2023-08-10 18:30:00,30.262024116400003
2023-08-10 18:40:00,29.624015045200004
2023-08-10 18:50:00,29.798002433679997
2023-08-10 19:00:00,29.624015045200004
2023-08-10 19:10:00,30.030013275040005
2023-08-10 19:20:00,29.682010841359997
2023-08-10 19:30:00,28.92801017784
2023-08-10 19:40:00,29.450000000000003
2023-08-10 19:50:00,29.218016815360002
2023-08-10 20:00:00,29.450000000000003
2023-08-10 20:10:00,29.624015045200004
2023-08-10 20:20:00,29.334008407680003
2023-08-10 20:30:00,29.102025223040002
2023-08-10 20:40:00,29.160021019199995
2023-08-10 20:50:00,29.450000000000003
2023-08-10 21:00:00,28.986005974000008
2023-08-10 21:10:00,29.450000000000003
2023-08-10 21:20:00,29.276012611519995
2023-08-10 21:30:00,30.262024116400003
2023-08-10 21:40:00,31.732006835840004
2023-08-10 21:50:00,34.35599975616
2023-08-10 22:00:00,36.02000122048
2023-08-10 22:10:00,37.23600463871999
2023-08-10 22:20:00,38.070010948
2023-08-10 22:30:00,37.6500080108
2023-08-10 22:40:00,37.440023231599994
2023-08-10 22:50:00,37.72000293719999
2023-08-10 23:00:00,37.17200927744
2023-08-10 23:10:00,36.852001953279995
2023-08-10 23:20:00,36.02000122048
2023-08-10 23:30:00,35.25202636736
2023-08-10 23:40:00,35.18800048832
2023-08-10 23:50:00,34.67600708031999
2023-08-11 00:00:00,33.97202758784
2023-08-11 00:10:00,33.78001098624001
2023-08-11 00:20:00,33.01200561536
2023-08-11 00:30:00,32.43601684544
2023-08-11 00:40:00,32.30802612288
2023-08-11 00:50:00,31.924023437440006
2023-08-11 01:00:00,31.66801147456001
2023-08-11 01:10:00,31.41199951168
2023-08-11 01:20:00,30.96400146496
2023-08-11 01:30:00,30.43601150488001
2023-08-11 01:40:00,30.262024116400003
2023-08-11 01:50:00,30.146004867360006
2023-08-11 02:00:00,29.740006637520004
2023-08-11 02:10:00,29.566019249039996
2023-08-11 02:20:00,29.508023452880003
2023-08-11 02:30:00,29.160021019199995
2023-08-11 02:40:00,28.870014381680008
2023-08-11 02:50:00,28.81201858494
2023-08-11 03:00:00,28.406020355099997
2023-08-11 03:10:00,28.058017921420003
2023-08-11 03:20:00,27.65201969158
2023-08-11 03:30:00,27.65201969158
2023-08-11 03:40:00,27.304017257900004
2023-08-11 03:50:00,27.246021461739996
2023-08-11 04:00:00,26.89801902748
2023-08-11 04:10:00,26.781999779020005
2023-08-11 04:20:00,26.89801902748
2023-08-11 04:30:00,26.49202079764
2023-08-11 04:40:00,26.434025001480006
2023-08-11 04:50:00,26.202014160119997
2023-08-11 05:00:00,26.086022567799997
2023-08-11 05:10:00,26.144018363960004
2023-08-11 05:20:00,26.028026771640004
2023-08-11 05:30:00,26.202014160119997
2023-08-11 05:40:00,26.028026771640004
2023-08-11 05:50:00,25.85401172644
2023-08-11 06:00:00,25.73802013412
2023-08-11 06:10:00,25.274026107540006
2023-08-11 06:20:00,25.158006859079997
2023-08-11 06:30:00,25.73802013412
2023-08-11 06:40:00,25.390017700440005
2023-08-11 06:50:00,25.158006859079997
2023-08-11 07:00:00,25.332021904279998
2023-08-11 07:10:00,25.048013686919997
2023-08-11 07:20:00,25.158006859079997
2023-08-11 07:30:00,25.048013686919997
2023-08-11 07:40:00,25.274026107540006
2023-08-11 07:50:00,25.56400508892
2023-08-11 08:00:00,25.274026107540006
2023-08-11 08:10:00,25.274026107540006
2023-08-11 08:20:00,25.506009292760005
2023-08-11 08:30:00,25.56400508892
2023-08-11 08:40:00,25.390017700440005
2023-08-11 08:50:00,25.448013496599998
2023-08-11 09:00:00,26.028026771640004
2023-08-11 09:10:00,26.318005752439998
2023-08-11 09:20:00,26.3760015486
2023-08-11 09:30:00,26.49202079764
2023-08-11 09:40:00,26.60801238996
2023-08-11 09:50:00,26.72400398228
2023-08-11 10:00:00,27.246021461739996
2023-08-11 10:10:00,27.304017257900004
2023-08-11 10:20:00,27.362013054059997
2023-08-11 10:30:00,27.304017257900004
2023-08-11 10:40:00,27.768011283899998
2023-08-11 10:50:00,27.826007080060005
2023-08-11 11:00:00,27.88400287622
2023-08-11 11:10:00,27.768011283899998
2023-08-11 11:20:00,28.116013717579996
2023-08-11 11:30:00,27.594023895420005
2023-08-11 11:40:00,27.942026329100003
2023-08-11 11:50:00,28.174009513740003
2023-08-11 12:00:00,28.290001106060004
2023-08-11 12:10:00,28.000022125259996
2023-08-11 12:20:00,27.826007080060005
2023-08-11 12:30:00,27.88400287622
2023-08-11 12:40:00,28.058017921420003
2023-08-11 12:50:00,27.768011283899998
2023-08-11 13:00:00,27.826007080060005
2023-08-11 13:10:00,27.420008850220004
2023-08-11 13:20:00,27.826007080060005
2023-08-11 13:30:00,27.942026329100003
2023-08-11 13:40:00,27.594023895420005
2023-08-11 13:50:00,27.826007080060005
2023-08-11 14:00:00,27.594023895420005
2023-08-11 14:10:00,27.304017257900004
2023-08-11 14:20:00,26.72400398228
2023-08-11 14:30:00,27.304017257900004
2023-08-11 14:40:00,27.362013054059997
2023-08-11 14:50:00,27.304017257900004
2023-08-11 15:00:00,27.188025665000005
2023-08-11 15:10:00,26.956014823639993
2023-08-11 15:20:00,26.840023231319996
2023-08-11 15:30:00,26.781999779020005
2023-08-11 15:40:00,26.72400398228
2023-08-11 15:50:00,26.89801902748
2023-08-11 16:00:00,26.550016593800006
2023-08-11 16:10:00,26.72400398228
2023-08-11 16:20:00,26.202014160119997
2023-08-11 16:30:00,30.668022346240004
2023-08-11 16:40:00,68.03200101816
2023-08-11 16:50:00,82.74202966673
2023-08-11 17:00:00,86.78202581358
2023-08-11 17:10:00,85.46902465814
2023-08-11 17:20:00,83.04500770528999
2023-08-11 17:30:00,80.72203159380999
2023-08-11 17:40:00,77.93604087872001
2023-08-11 17:50:00,75.0220279697
2023-08-11 18:00:00,72.67201900492
2023-08-11 18:10:00,70.98000717126
2023-08-11 18:20:00,70.41600322702001
2023-08-11 18:30:00,70.88601398438
2023-08-11 18:40:00,70.22801685326002
2023-08-11 18:50:00,69.57001972214
2023-08-11 19:00:00,66.96403598804001
2023-08-11 19:10:00,65.36202478383001
2023-08-11 19:20:00,63.67102003122999
2023-08-11 19:30:00,62.33603191362
2023-08-11 19:40:00,60.55603361174
2023-08-11 19:50:00,59.38003597257999
2023-08-11 20:00:00,57.82203159296
2023-08-11 20:10:00,56.018005943359995
2023-08-11 20:20:00,55.28002033272001
2023-08-11 20:30:00,53.968037223900005
2023-08-11 20:40:00,52.082017516840004
2023-08-11 20:50:00,50.69100675598
2023-08-11 21:00:00,49.22800264341001
2023-08-11 21:10:00,47.91902408636999
2023-08-11 21:20:00,47.226000880879994
2023-08-11 21:30:00,46.224999999999994
2023-08-11 21:40:00,44.83902702314999
2023-08-11 21:50:00,43.810028839299996
2023-08-11 22:00:00,42.8299997333
2023-08-11 22:10:00,42.62001495339999
2023-08-11 22:20:00,42.27000694259999
2023-08-11 22:30:00,42.97002296419999
2023-08-11 22:40:00,43.60001068129999
2023-08-11 22:50:00,45.68600235003999
2023-08-11 23:00:00,46.84102878568
2023-08-11 23:10:00,47.380026435640005
2023-08-11 23:20:00,48.843030548209995
2023-08-11 23:30:00,49.459022617209996
2023-08-11 23:40:00,51.30703554166001
2023-08-11 23:50:00,53.394000625660006
